1,Quimm
2,Tagchat
3,Wordify
4,Reallinks
5,Plajo
6,Kamba
7,Realblab
8,Wikizz
9,Fivechat
10,Browsebug
11,Realpoint
12,Omba
13,Linkbridge
14,Jaloo
15,Flipopia
16,Devpoint
17,Brainbox
18,Avavee
19,Thoughtworks
20,Browsetype
21,Twiyo
22,Miboo
23,Mynte
24,Skynoodle
25,Tavu
26,Gigazoom
27,Youtags
28,Leexo
29,Youbridge
30,Kanoodle
31,Yombu
32,Twimm
33,Gabtune
34,Skyble
35,Twinder
36,Trunyx
37,Cogidoo
38,Edgeify
39,Shufflebeat
40,Voolith
41,Gigaclub
42,Yakijo
43,Dabjam
44,Twiyo
45,Trupe
46,Topiclounge
47,Oloo
48,Brightbean
49,Dynabox
50,Roomm
51,Fadeo
52,Topicblab
53,Yabox
54,Eidel
55,Brightbean
56,Twimbo
57,Topicblab
58,Edgetag
59,Dabfeed
60,Tagchat
61,Pixoboo
62,Yata
63,Meevee
64,Roodel
65,Roodel
66,Zoovu
67,Layo
68,Wikizz
69,Thoughtbeat
70,Buzzshare
71,Topicstorm
72,Topicblab
73,Rooxo
74,Dynava
75,Skimia
76,Thoughtblab
77,Geba
78,Roomm
79,Tagfeed
80,Skalith
81,InnoZ
82,Youspan
83,Jaxworks
84,Plajo
85,Topicblab
86,Kazio
87,Centimia
88,Fatz
89,Oba
90,Youspan
91,Innojam
92,Kare
93,Youtags
94,Nlounge
95,Quinu
96,Devpulse
97,Fanoodle
98,Vidoo
99,Vitz
100,Skinte
101,Wikivu
102,Oyonder
103,Brainbox
104,Youspan
105,Shuffledrive
106,Zoomcast
107,Skidoo
108,Youspan
109,Rhynyx
110,Rhynyx
111,Dabshots
112,Katz
113,DabZ
114,Thoughtbeat
115,Tagchat
116,Brainsphere
117,Tagfeed
118,Eare
119,Brainverse
120,Thoughtbridge
121,Ainyx
122,Brainbox
123,Yakitri
124,Roombo
125,Quire
126,Babbleblab
127,Innojam
128,Mydeo
129,Flipstorm
130,Podcat
131,Wikizz
132,Eimbee
133,Livetube
134,Linktype
135,Zoomzone
136,Jatri
137,Devpoint
138,Trupe
139,Bluezoom
140,Tagfeed
141,Pixoboo
142,Eayo
143,Skimia
144,Vidoo
145,Flipbug
146,Wikizz
147,Devcast
148,Eabox
149,Tazz
150,Wikizz
151,Fivespan
152,Twitternation
153,Shuffletag
154,Skippad
155,Dabfeed
156,Fivespan
157,Buzzshare
158,Yakidoo
159,Vipe
160,Leenti
161,Dabshots
162,Zoonoodle
163,Livefish
164,Tagopia
165,Livepath
166,Buzzbean
167,Twitterbridge
168,Demimbu
169,Teklist
170,Skilith
171,Browseblab
172,Brainverse
173,Flashset
174,Photobean
175,Quaxo
176,Youfeed
177,Browsetype
178,Dabshots
179,Zoomlounge
180,Skaboo
181,Demimbu
182,Miboo
183,Mydo
184,Fadeo
185,Fanoodle
186,Livetube
187,Voonder
188,Fivebridge
189,Voonyx
190,Topiczoom
191,Brightbean
192,Kwimbee
193,Topicblab
194,Voonder
195,Rhycero
196,Twitterbridge
197,Eire
198,Midel
199,Feedfire
200,Quaxo
201,Kaymbo
202,Agimba
203,Centizu
204,Fliptune
205,Oyoba
206,Quatz
207,Skipstorm
208,Viva
209,Voolia
210,Meezzy
211,Kazio
212,Skilith
213,Wordify
214,Wordify
215,Wikibox
216,Roombo
217,Oyonder
218,Realfire
219,Centizu
220,Roodel
221,Zoozzy
222,Voolith
223,Flipstorm
224,Zoomlounge
225,Demivee
226,Vinder
227,Jayo
228,Oba
229,Minyx
230,Camido
231,Jayo
232,Vipe
233,Tambee
234,Trunyx
235,Divanoodle
236,Riffpedia
237,Oodoo
238,JumpXS
239,Yamia
240,Yombu
241,Kwideo
242,Zoombox
243,Brainbox
244,Yodoo
245,Skibox
246,Jabberbean
247,Fiveclub
248,Avamba
249,Oyoba
250,Meembee
251,Zoozzy
252,Zoozzy
253,Brainlounge
254,Flashpoint
255,Yakijo
256,Mymm
257,Brightdog
258,Devpoint
259,Skimia
260,Wordpedia
261,Eamia
262,Quaxo
263,Latz
264,Centizu
265,Skinix
266,Skinder
267,Fadeo
268,Meetz
269,Linkbuzz
270,Ainyx
271,Skidoo
272,Eabox
273,Livetube
274,Avamm
275,Fivechat
276,Skynoodle
277,Livepath
278,Photospace
279,Mybuzz
280,Thoughtstorm
281,Kwilith
282,Meevee
283,Blogspan
284,Skivee
285,Tagcat
286,Edgewire
287,Oyondu
288,Ailane
289,Roodel
290,Gabtype
291,Oyoloo
292,Kamba
293,Livepath
294,Riffpedia
295,Vinder
296,JumpXS
297,Wikibox
298,Fiveclub
299,Abatz
300,Tazz
301,Eidel
302,Nlounge
303,Yakijo
304,Skalith
305,Jabbersphere
306,Camido
307,Kwilith
308,Skilith
309,Demimbu
310,Innotype
311,Meejo
312,Meejo
313,Podcat
314,Centidel
315,Divanoodle
316,Gigaclub
317,Tazz
318,Divape
319,Zava
320,Gabvine
321,Mita
322,Browsecat
323,Thoughtstorm
324,Skimia
325,Skajo
326,Browsetype
327,Leenti
328,Voomm
329,Browsezoom
330,Skinix
331,Zoozzy
332,Mynte
333,Skinte
334,Mymm
335,Twimm
336,Viva
337,Skiba
338,Topiczoom
339,Meevee
340,Midel
341,Photolist
342,Photolist
343,Browseblab
344,Photobean
345,Tavu
346,Gevee
347,Buzzshare
348,Tagopia
349,Tagcat
350,Feedmix
351,Jabbertype
352,Viva
353,Oodoo
354,Twitterbeat
355,Plambee
356,Skyndu
357,Zoomzone
358,Tambee
359,Gevee
360,Tambee
361,Camido
362,Twiyo
363,Thoughtbeat
364,Realbridge
365,Skinte
366,Oyondu
367,Feedfish
368,Tagpad
369,Omba
370,Zooveo
371,Buzzbean
372,Viva
373,Skaboo
374,Fivespan
375,Topicware
376,Wikivu
377,Zava
378,Fivebridge
379,Mita
380,Mycat
381,Edgepulse
382,Viva
383,Kwideo
384,Divavu
385,Dynava
386,Wordware
387,Mita
388,Jazzy
389,Eidel
390,Npath
391,Edgewire
392,Tagtune
393,Jabbersphere
394,Pixonyx
395,Rhyloo
396,Fivechat
397,Twitterwire
398,Roombo
399,Topicblab
400,Meevee
